name,id
Howard Deutch,15602
Charles Shyer,11862
Martin Campbell,710
Simon Wells,21032
Steve Oedekerk,9273
Barry Sonnenfeld,8012
Chris Noonan,9598
Paul W.S. Anderson,9312
Mike Gabriel,10530
Eric Goldberg,10530
Farhad Mann,11525
F. Gary Gray,10634
Robert Rodriguez,755
Christian Duguay,9102
Brian Henson,10874
Peter MacDonald,27793
Michael Bay,9737
Joel Schumacher,414
Paul Auster,5894
Wayne Wang,5894
Brad Silberling,8839
Robert Rodriguez,8068
John McTiernan,1572
Gregg Araki,13552
Dwight H. Little,9073
Bryan Spicer,9070
Irwin Winkler,1642
Gregory Widen,11980
Paul Verhoeven,10802
Wayne Wang,10149
Paul Auster,10149
Roger Donaldson,9348
Geoff Murphy,3512
Nikita Mikhalkov,50797
Richard Linklater,76
Kevin Smith,2292
Peter Farrelly,8467
Bobby Farrelly,8467
Kevin Lima,15789
Paul Brizzi,15789
Neil Jordan,628
George Lucas,11
Albert Pyun,63105
Lee Tamahori,527
Anne Goursaud,18220
Richard Rich,22586
John Pasquin,11395
Ernest R. Dickerson,9059
David Carson,193
Tom Shadyac,3049
Phillip Noyce,9331
Alex Proyas,9495
Brian Levant,888
Roger Allers,8587
Rob Minkoff,8587
Wes Craven,11596
Chuck Russell,854
Peter Segal,36593
Donald Petrie,11011
Jan de Bont,1637
Peter Hyams,8831
Steven E. de Souza,11667
Vincent Robert,75555
Andrew Morahan,8011
Barry Sonnenfeld,2758
John Badham,9409
Simon Wincer,1634
Andrew Davis,5503
John Woo,2019
Jim Abrahams,9255
Eric Meza,16097
Steven Spielberg,329
Christopher Cain,11231
Fred Dekker,5550
Agnieszka Holland,11236
Russell Mulcahy,8850
Ridley Scott,78
Chris Columbus,771
Ron Clements,812
John Musker,812
James Cameron,280
Tim Burton,268
Jonathan Demme,274
Gary Trousdale,10020
Kirk Wise,10020
Bill Condon,10824
David R. Ellis,25059
Gerald Potterton,11827
Kevin Yagher,8766
Joe Chappelle,8766
Paul Sabella,19042
Larry Leker,19042
Brian De Palma,954
Rob Cohen,8840
Alan Mehrez,25087
Jean-Luc Godard,8072
Jean-Marie Poiré,11687
Mamoru Oshii,9323
Nick Park,532
David Twohy,10547
Djibril Diop Mambéty,77771
Danny Boyle,627
Roland Emmerich,602
Tom Shadyac,9327
Arlene Sanford,12606
Tim Pope,10546
John Carpenter,10061
Francis Ford Coppola,238
Stanley Tong,11134
Stanley Tong,38955
Joe Chappelle,10987
Stanley Kubrick,62
W.S. Van Dyke,3529
George A. Romero,10331
Robert Lieberman,10680
Norman Tokar,18660
Norman Foster,35115
John Hough,14821
Robert Stevenson,14136
Robert Stevenson,10869
Charles Barton,15944
Clyde Geronimi,11224
Wilfred Jackson,11224
Hamilton Luske,11224
Ted Berman,10948
Art Stevens,10948
Richard Rich,10948
Matthew Bright,11229
John McTiernan,562
Brett Leonard,10163
Tad Stones,11238
Emile Ardolino,88
Ted Kotcheff,8491
Paul Verhoeven,402
Greg Spence,25750
John Carpenter,1103
Joe Dante,11298
Nick Park,531
Lou Adler,11455
Irvin Kershner,1891
Steven Spielberg,85
James Cameron,679
Sergio Leone,429
Richard Marquand,1892
Ridley Scott,348
Sam Raimi,766
Alfred Hitchcock,539
John Landis,525
Francis Ford Coppola,240
George Roy Hill,9277
James Cameron,218
Roman Polanski,829
Sam Raimi,765
Robert Zemeckis,105
Russell Mulcahy,8009
Samuel Armstrong,756
James Algar,756
William Roberts,756
Paul Satterfield,756
Hamilton Luske,756
Jim Handley,756
Ford Beebe,756
T. Hee,756
Wilfred Jackson,756
Ben Sharpsteen,756
Norman Ferguson,756
David Hand,756
Godfrey Reggio,11314
Steven Spielberg,89
David Fincher,8077
Tony Randel,41671
Richard Fleischer,27214
Steve White,52263
John Murlowski,33519
Damiano Damiani,16235
Stuart Rosenberg,11449
Tom Bery,41848
Irvin S. Yeaworth Jr.,8851
James Whale,229
Bernard Rose,9529
Brian De Palma,7340
Wes Craven,377
Richard Donner,794
Lars von Trier,145
Jonathan Frakes,199
Brian Levant,9279
Joe Berlinger,17204
Bruce Sinofsky,17204
Stephen Herek,11674
Renny Harlin,1573
Robert Wise,152
Nicholas Meyer,174
William Shatner,172
Nicholas Meyer,154
Leonard Nimoy,157
Leonard Nimoy,168
Tim Burton,364
Christopher Cain,11967
Geoff Murphy,9086
Randal Kleiser,621
Patricia Birch,9037
Andrew Davis,8845
Steven Spielberg,578
Jeannot Szwarc,579
Joe Alves,17692
Wes Craven,4232
Robert Butler,34314
Stanley Tong,9404
Bryan Spicer,14908
Stephen Kessler,11419
Phillip Noyce,10003
Stephen Frears,11844
Shuki Levy,6499
David Winning,6499
Luis Llosa,9360
Jay Roach,816
Ronny Yu,49478
Gregg Araki,1811
Steven Spielberg,330
Dale Rosenbloom,33660
Jan de Bont,1639
Joel Schumacher,415
Barry Sonnenfeld,607
John Milius,9387
Sam Weisman,10603
Charles Martin Smith,20737
Sam Pillsbury,18519
Guillermo del Toro,4961
John McTiernan,1669
Gary Fleder,9437
Robert Kurtzman,10351
Jim Gillespie,3597
Mel Smith,1281
Paul Verhoeven,563
John R. Leonetti,9823
Jean-Pierre Jeunet,8078
Louis Saïa,42832
Raja Gosnell,9714
Wes Craven,4233
Roger Spottiswoode,714
Kevin Costner,9922
Sean McNamara,32302
Greg Spence,9033
Stuart Baird,11808
John McNaughton,617
Howard Deutch,27472
Peter Medak,10216
John Warren,9771
Tony Bancroft,10674
Barry Cook,10674
Rob Bowman,846
Betty Thomas,3050
Richard Donner,944
William Friedkin,1051
John G. Avildsen,1366
Jack Sholder,10014
Chuck Russell,10072
Renny Harlin,10131
Stephen Hopkins,10160
Rachel Talalay,11284
Sean S. Cunningham,4488
Steve Miner,9725
Steve Miner,9728
Joseph Zito,9730
Danny Steinmann,9731
Tom McLoughlin,10225
John Carl Buechler,10281
Rob Hedden,10283
John Carpenter,948
Rick Rosenthal,11281
Tommy Lee Wallace,10676
Dwight H. Little,11357
Dominique Othenin-Girard,11361
Paul Lynch,36599
Bruce Pittman,39929
Peter R. Simpson,41828
Ron Oliver,41828
Clay Borris,41769
Tom Holland,10585
John Lafia,11186
Jack Bender,11187
Tobe Hooper,609
Brian Gibson,11133
Gary Sherman,10306
William Friedkin,9552
John Boorman,11586
William Peter Blatty,11587
Richard Donner,941
Richard Donner,942
Richard Donner,943
Joe Dante,927
Joe Dante,928
Martin Campbell,9342
Robert Zemeckis,165
Robert Zemeckis,196
Ronald Neame,551
Irwin Allen,551
Robert Stevenson,17984
Vincent McEveety,22328
David Hand,3170
James Algar,3170
Samuel Armstrong,3170
William Roberts,3170
Paul Satterfield,3170
Graham Heid,3170
Norman Wright,3170
Francis Ford Coppola,242
Sam Weisman,11164
Vincent McEveety,12129
Vincent McEveety,14140
Randal Kleiser,11158
Joe Johnston,9354
Wolfgang Reitherman,9325
Hamilton Luske,10340
Wilfred Jackson,10340
Clyde Geronimi,10340
Ron Clements,10144
John Musker,10144
Stephen Herek,10414
Hamilton Luske,12230
Wolfgang Reitherman,12230
Clyde Geronimi,12230
Clyde Geronimi,10693
Wilfred Jackson,10693
Hamilton Luske,10693
John Lounsbery,11319
Wolfgang Reitherman,11319
Art Stevens,11319
John Hough,14822
Alan Zaslove,15969
Tad Stones,15969
Toby Shelton,15969
Robert Stevenson,15943
Robert Stevenson,19762
Ron Howard,2619
Steven Lisberger,97
Steve Miner,11675
Steven Spielberg,87
Ralph Bakshi,123
Fritz Kiersch,10823
Gary Goldman,11497
Don Bluth,11497
Dan Kuenster,11497
Barry Sonnenfeld,2907
Charles A. Nichols,15171
Iwao Takamoto,15171
Don Bluth,11704
Don Bluth,4978
Phil Nibbelink,10380
Simon Wells,10380
Steve Miner,11415
Ethan Wiley,37530
Jamie Uys,8393
Jamie Uys,11937
Chuck Parello,39930
John McNaughton,10692
Roman Polanski,805
Wolfgang Petersen,34584
George T. Miller,34636
John De Bello,2182
Stephen Norrington,36647
Vincenzo Natali,431
Brett Ratner,2109
Jamie Blanks,9877
John Carpenter,1091
Peter Hyams,4437
Ronny Yu,11932
John Carpenter,9945
Shekhar Kapur,4518
Danny Cannon,3600
Bryan Forbes,12223
Ishirô Honda,1678
Koji Hashimoto,39256
R.J. Kizer,39256
Ishirô Honda,1680
Merian C. Cooper,244
Ernest B. Schoedsack,244
John Guillermin,10730
John Guillermin,31947
Michael Ritchie,9749
Michael Ritchie,14628
Richard Fleischer,9626
John Glen,707
Hugh Wilson,9336
Jerry Paris,10157
Jerry Paris,12118
Jim Drake,10587
Alan Myerson,11825
Peter Bonerz,11895
George Miller,9447
Jonathan Frakes,200
George P. Cosmatos,1369
Ted Kotcheff,1368
Peter MacDonald,1370
Lewis Teague,10303
Robert Zemeckis,9326
Ron Howard,10328
Daniel Petrie,11285
Sylvester Stallone,1367
Sylvester Stallone,1371
Sylvester Stallone,1374
John G. Avildsen,1375
John G. Avildsen,1885
John G. Avildsen,8856
John G. Avildsen,10495
Jeremiah S. Chechik,5825
Tibor Takács,6917
Tibor Takács,40729
Kurt Neumann,11815
David Cronenberg,9426
Chris Walas,10344
Tobe Hooper,30497
Tobe Hooper,16337
Jeff Burr,25018
Kim Henkel,16780
Peter Faiman,9671
John Cornell,9396
Martin Scorsese,11873
Joel Schumacher,8224
Mary Lambert,8913
Mary Lambert,10906
David Price,25748
James D.R. Hickox,25749
George Seaton,10671
Jack Smight,27932
Jerry Jameson,7227
Lewis Teague,33518
Michael Crichton,2362
Franklin J. Schaffner,871
Ted Post,1685
J. Lee Thompson,1705
J. Lee Thompson,1688
Don Taylor,1687
David Lowell Rich,29723
Irwin Allen,31638
Harold Ramis,9535
Roger Kumble,796
Katt Shea,7341
Lana Wachowski,603
Lilly Wachowski,603
Stephen Sommers,564
George Lucas,1893
Karl Freund,15849
Terence Fisher,18990
Leslie Goodwins,29242
Reginald Le Borg,29243
Christy Cabanne,31498
Harold Young,29239
Richard Donner,1924
Richard Lester,8536
Richard Lester,9531
Sidney J. Furie,11411
Tod Browning,138
Erle C. Kenton,30793
Erle C. Kenton,3103
James Whale,3035
Rowland V. Lee,3077
Erle C. Kenton,3074
Terence Fisher,3079
Robert Siodmak,32023
George Waggner,13666
Philippe Mora,29794
Jim Sharman,36685
Wes Craven,17918
Jay Roach,817
Kevin Lima,37135
Chris Buck,37135
Chris Weitz,2105
Paul Weitz,2105
Tim Hill,10208
Daniel Myrick,2667
Eduardo Sánchez,2667
Steve Miner,9825
Ivan Reitman,620
Ivan Reitman,2978
David Kellogg,332
François Truffaut,147
Gary Nelson,9710
Don Taylor,10766
Mike Hodges,10766
Graham Baker,10768
Jim Abrahams,813
David Zucker,813
Jerry Zucker,813
Ken Finkleman,2665
Amy Heckerling,11418
Harold Ramis,11153
Dennis Dugan,11077
Bob Clark,850
Mic Rodgers,10366
Roland Emmerich,9349
David Koepp,11601
Tom Holland,11797
Tommy Lee Wallace,18086
Jackie Chan,10975
Jackie Chan,10974
Eric Tsang,10974
Don Coscarelli,9638
Richard Franklin,10576
Anthony Perkins,12662
Yuen Woo-ping,11230
Robert Aldrich,1654
Guy Hamilton,658
Terence Young,657
Terence Young,646
Randal Kleiser,5689
Sergio Leone,391
Chris Columbus,772
Jamaa Fanaka,65448
Jamaa Fanaka,65452
Louis Morneau,10496
Sidney J. Furie,15247
Bruce Brown,29251
Paul Verhoeven,5548
Irvin Kershner,5549
John Glen,699
John Glen,709
Guy Hamilton,253
Terence Young,660
William Malone,11377
Brian Yuzna,18111
George A. Romero,16281
Michael Gornick,16288
Stuart Gordon,1694
Joe Dante,24831
John Ford,37853
Mervyn LeRoy,37853
Joshua Logan,37853
Ivan Reitman,14035
Ken Wiederhorn,40771
George Mendeluk,40772
Bob Logan,40773
Michael Haigney,10228
Kunihiko Yuyama,10228
Alan Parker,11663
Katt Shea,9264
Kurt Voss,18222
Michael Apted,36643
John Lasseter,863
Jack Nicholson,32669
Mike Mitchell,10402
Peter Bogdanovich,25188
Nathan H. Juran,15515
Rob Minkoff,10137
Steve Carr,10471
Bruce Timm,14919
Eric Radomski,14919
Emile Ardolino,2005
Penelope Spheeris,8872
Stephen Surjik,8873
Phillip Noyce,9869
Robert Rodriguez,9367
Paul Michael Glaser,16562
Wes Craven,4234
Barbet Schroeder,9605
Troy Duffy,8374
James Clavell,25934
David Twohy,2787
Jonathan Lynn,2069
Sam Peckinpah,10839
George Lucas,838
James Frawley,11176
James Wong,9532
Michael Winner,13939
Michael Winner,14373
Michael Winner,24873
J. Lee Thompson,26263
Allan A. Goldstein,34746
Steve Barron,1498
Michael Pressman,1497
Stuart Gillard,1499
Newt Arnold,11690
Donald Petrie,11520
Robert Rossen,990
Rob Cohen,11478
Gene Saks,11356
Steve Gordon,13665
Neal Israel,12309
John McTiernan,106
Mary Harron,1359
Damien O'Donnell,10557
Harold Ramis,11977
Bharat Nalluri,9456
Brian Levant,889
Adam Simon,39283
Darren Moloney,39283
Louis Morneau,65460
Jonathan Winfrey,55667
Jack Sholder,12476
Dario Argento,16395
Nicholas Hytner,10560
Tim Burton,5683
William Roberts,14906
Hamilton Luske,14906
Wilfred Jackson,14906
Jack Kinney,14906
Todd Phillips,9285
John Woo,955
Tom Dey,8584
Peter R. Hunt,668
Lewis Gilbert,691
Lewis Gilbert,698
Guy Hamilton,682
Raja Gosnell,9600
J. Lee Thompson,10911
Roy Ward Baker,26912
Val Guest,26278
David Schmoeller,26953
Dave Allen,26954
David DeCoteau,26956
Jeff Burr,26957
Jeff Burr,26958
David DeCoteau,26959
David DeCoteau,26960
Joe Camp,21299
Joe Camp,38802
Penelope Spheeris,36724
Sergio Leone,938
Ted Post,10648
Bob Clark,10246
Bob Clark,19698
James Komack,23919
Lloyd Kaufman,15239
Michael Herz,15239
Stephen Hopkins,169
Graham Baker,10128
George Miller,9659
George Miller,8810
George Miller,9355
George Ogilvie,9355
Adrian Lyne,10068
Mark L. Lester,11495
Gordon Parks,482
John Singleton,479
Robert Mandel,9873
Richard Franklin,16820
Joseph Zito,15379
Lance Hool,12764
Aaron Norris,27352
Gordon Hessler,17897
Reginald Hudlin,16094
John Guillermin,494
Gordon Parks,493
Keenen Ivory Wayans,4247
Bryan Singer,36657
Michael Haigney,12599
Kunihiko Yuyama,12599
Sam Wanamaker,11940
Peter Segal,12107
Paul Verhoeven,9383
Don Coscarelli,15158
Don Coscarelli,16146
Stan Winston,26515
Robert Hiltzik,13567
Don Edmonds,20850
Tarsem Singh,8843
Takao Okawara,10643
David Zucker,37136
David Zucker,37137
Christian Duguay,11398
Peyton Reed,1588
Douglas Aarniokoski,12211
Stefan Ruzowitzky,1698
John Ottman,12212
Lars von Trier,16
Clive Barker,9003
Tony Randel,9064
Anthony Hickox,11569
William Asher,26484
William Asher,39113
Edward Bernds,38126
Jack Arnold,10973
James Whale,10787
Amy Holden Jones,27475
Deborah Brock,27764
Carol Frank,40760
Jim Wynorski,40446
Jay Roach,1597
Tom Laughlin,21142
Tom Laughlin,78140
Luca Bercovici,18498
Albert Band,28605
Liu Chia-Liang,12207
Joe Berlinger,11531
McG,4327
Guy Hamilton,681
Stig Bergqvist,16340
Kevin Lima,10481
Ang Lee,146
Courtney Solomon,11849
John Glen,708
Oliver Stone,10673
Mark Dindal,11688
Donald Petrie,1493
Patrick Lussier,10577
John Huston,15739
Thomas Carter,9816
Martin Brest,90
Jerry Rees,19933
Sam Raimi,764
Joseph Sargent,580
Joel Schumacher,1547
Michael Gottlieb,10019
Vic Sarin,37302
Wong Kar-wai,843
Ridley Scott,9740
Chuck Sheetz,19405
Delmer Daves,43332
Robert Fuest,17965
Michael Mann,11454
Jeff Kanew,14052
Joe Roth,16889
Douglas Cheek,23730
Robert Rodriguez,10054
Lee Tamahori,2043
Jean-Marie Poiré,56715
Michael Haigney,10991
Kunihiko Yuyama,10991
Sharon Maguire,634
Dennie Gordon,10956
Simon Wincer,9290
Stephen Sommers,1734
Andrew Adamson,808
Vicky Jenson,808
Ron Underwood,1406
Michelangelo Antonioni,41050
John Sturges,966
Burt Kennedy,12639
Gary Trousdale,10865
Kirk Wise,10865
Simon West,1995
Steve Carr,10808
Rob Cohen,9799
Mathieu Kassovitz,60670
Lawrence Guterman,10992
Keenen Ivory Wayans,4248
William Asher,26483
Hal Needham,11286
Hal Needham,11950
Jim Drake,12236
Norman Taurog,26573
Tommy Chong,20075
Thomas K. Avildsen,20197
Dario Argento,11906
Hironobu Sakaguchi,2114
Motonori Sakakibara,2114
Robert Luketic,8835
Bud Yorkin,26044
Randal Kleiser,30502
Allan Arkush,18509
Stephen Herek,3980
Mick Garris,10127
Kristine Peterson,12702
Buddy Van Horn,10651
James Signorelli,5680
John R. Cherry III,26386
Don Bluth,12144
Ken Wiederhorn,24929
Dan O'Bannon,10925
Geoff Burrowes,13965
George T. Miller,24266
Kenneth Johnson,11966
John Badham,2605
Anthony Hickox,29095
Robert Radler,32049
Stephen Herek,1648
David Irving,53150
Albert Pyun,10134
Marc Rocco,15142
Jean-Claude Lord,25005
Martin Davidson,21721
Rod Daniel,10345
Jean-Claude Van Damme,10222
David Worth,10222
Mark DiSalle,10222
Amy Heckerling,9494
David S. Ward,9942
Joe Johnston,331
Jim Wynorski,19142
Rowdy Herrington,10135
Jeff Burr,30666
Joseph Ruben,25155
Steve Miner,11342
Robert Klane,8494
Frank Henenlotter,27813
Garry Marshall,9880
Brett Ratner,5175
Buddy Van Horn,17169
J.B. Rogers,2770
Victor Salva,8922
Jon Turteltaub,16314
Charles T. Kanganis,18885
Shin Sang-ok,40508
Brian Trenchard-Smith,30379
Paul J. Lombardi,30379
Irvin Kershner,35200
Ben Stiller,9398
John Dahl,10866
Tommy Chong,13612
Don Siegel,984
Richard Kelly,141
Pete Docter,585
Fred Walton,45964
Chris Columbus,671
William Wyler,16085
Don Coscarelli,16441
James Glickenhaus,37835
Kevin Connor,26398
James Fargo,10649
Kevin Connor,27591
Clint Eastwood,10650
John Moore,8007
Steven Soderbergh,161
Peter Hewitt,1649
Peter Jackson,120
Ralph Bakshi,12593
Michael Mak,45491
Walter Hill,11595
Richard Fleischer,9610
Walter Hill,150
David M. Evans,11528
Robin Budd,16690
Donovan Cook,16690
Herbert Ross,39282
Joseph L. Mankiewicz,993
Michael Rymer,11979
Michael Ritchie,23479
John Berry,66946
Michael Pressman,19050
Stuart Heisler,108266
Bill Kroyer,13225
Lucio Fulci,7219
Gilbert Cates,38147
Carl Reiner,24032
Chris Wedge,425
Paul W.S. Anderson,1576
Norman Z. McLeod,17804
David Butler,31805
Victor Schertzinger,13861
Victor Schertzinger,31812
Hal Needham,12705
Hal Needham,11006
Dick Lowry,15120
Guillermo del Toro,36586
Walt Becker,11452
George Roy Hill,11590
Joel Zwick,8346
Roberto Rossellini,307
John De Bello,15482
Bill Froehlich,45878
Leonard Nimoy,12154
Chuck Russell,9334
James Isaac,11470
Sam Raimi,557
Randal Kleiser,12227
Ken Olin,43643
George Lucas,1894
James Fargo,15417
Phil Alden Robinson,4614
Doug Liman,2501
Raja Gosnell,9637
Tommy Chong,14774
Dean DeBlois,11544
Chris Sanders,11544
Tom Ropelewski,11982
John Schultz,21972
Barry Sonnenfeld,608
Rick Rosenthal,11442
Rob Minkoff,10996
Jay Roach,818
Gordon Douglas,24130
Joseph Losey,36645
Daniel Mann,23728
Robert Rodriguez,9488
Rob Cohen,7451
John Stockwell,9266
Walter Hill,15070
Arna Selznick,11243
Jim Abrahams,9595
Robert Englund,24038
Terence Fisher,3127
John Badham,10859
Tim Story,10611
Louis Leterrier,4108
Corey Yuen Kwai,4108
John R. Cherry III,18943
Wes Craven,18477
Wes Craven,12262
Brett Ratner,9533
Tom Tykwer,10575
Ishirô Honda,1682
Ishirô Honda,18983
Terry O. Morse,18983
Peter Bogdanovich,82545
Terence Fisher,11868
Sergio Corbucci,10772
Nello Rossati,77079
Gore Verbinski,565
Godfrey Reggio,21925
Adam Marcus,10285
John Badham,11009
Sylvester Stallone,10805
Menahem Golan,17205
John Alan Schwartz,15900
John Alan Schwartz,12237
George Mihalka,39874
James Cameron,31646
Jeff Tremaine,9012
John Huston,12208
Robert Parrish,12208
Val Guest,12208
Joseph McGrath,12208
Ken Hughes,12208
Michael Lembeck,9021
Chris Columbus,672
Bill Corcoran,29229
William A. Graham,13888
David Cronenberg,9538
Jim Sharman,27997
Lee Tamahori,36669
Marcus Raboy,10426
Meir Zarchi,25239
Cy Endfield,14433
Harold Ramis,9932
Mark L. Lester,11564
Stuart Baird,201
Peter Jackson,121
Howard Zieff,11317
Howard Zieff,4032
Michael Coldewey,16225
Michel Lemire,16225
David R. Ellis,9358
Ryû Murakami,15802
Elliott Hong,24830
Blake Edwards,9699
Robert J. Rosenthal,23943
David Dobkin,6038
Steve Trenbirth,14873
Nick Castle,12139
Carroll Ballard,17264
Glen Morgan,10929
James Hill,15347
Hideo Nakata,2671
Harold D. Schuster,18992
Henry Koster,29912
Rob Zombie,2662
Bryan Singer,36658
Steve Carr,10708
Sam Firstenberg,17464
Joel Silberg,15259
Lilly Wachowski,604
Lana Wachowski,604
Cédric Klapisch,1555
Tom Shadyac,310
Andrew Stanton,12
Rob Schmidt,9902
John Singleton,584
Henry Hathaway,5921
Elliot Silverstein,14676
Troy Miller,10152
Norton Virgien,20694
John Eng,20694
Alan Gibson,35669
Danny Boyle,170
McG,9471
Charles Herman-Wurmfeld,10327
Jonathan Mostow,296
Gore Verbinski,22
Michael Bay,8961
Peter Howitt,9486
Jan de Bont,1996
Robert Rodriguez,12279
Burt Reynolds,21882
Joseph Sargent,4984
Jesse Dylan,8273
Clark Johnson,9257
Pier Paolo Pasolini,33954
Ronny Yu,6466
Harald Zwart,10923
Ron Underwood,9362
Blake Edwards,936
Blake Edwards,12268
Victor Salva,11351
Emilio Martínez Lázaro,2722
Eli Roth,11547
Robert Rodriguez,1428
Tsui Hark,10617
George A. Romero,8408
Len Wiseman,277
Eytan Fox,17614
Brian Levant,11806
Rod Daniel,10438
John Fawcett,9871
Bill L. Norton,33258
Uwe Boll,11059
Quentin Tarantino,24
Marcus Nispel,9373
David Zucker,4256
Aaron Blaise,10009
Robert Walker,10009
Danny Pang,10389
Oxide Pang Chun,10389
Terence Fisher,3117
John Rawlins,27117
Roy William Neill,50553
Lilly Wachowski,605
Lana Wachowski,605
Charles Shyer,11846
Terry Zwigoff,10147
Sam Raimi,9556
Freddie Francis,38939
John Badham,860
Russell Mulcahy,8010
Ivan Reitman,951
Kinji Fukasaku,3176
Rod Daniel,11824
Blake Edwards,1594
Mark Jones,11811
François Truffaut,255
Bille Woodruff,10028
Peter Jackson,122
Shawn Levy,11007
Brian Yuzna,11429
Phil Karlson,21779
Eric Bress,1954
J. Mackye Gruber,1954
Chris Stokes,14114
Kevin Rodney Sullivan,21301
Larry Blamire,18841
William Crain,30566
Bob Kelljan,42466
J. Lee Thompson,9838
Guy Ferland,10677
Kevin Allen,17047
Raja Gosnell,11024
Lars von Trier,553
Guillermo del Toro,1487
Martha Coolidge,11137
Kevin Bray,11358
Howard Deutch,2122
George A. Romero,923
Hal Walker,34082
Quentin Tarantino,393
Mark Waters,10625
Stephen Sommers,7131
Michael Davis,10035
Lewis Gilbert,667
John Glen,700
Irvin Kershner,36670
Amy Heckerling,9356
Menahem Golan,16113
Jacques Tourneur,25508
Richard Lester,12310
Tanit Jitnukul,39907
Luis Llosa,9545
Jesús Salvador Treviño,10941
W.S. Van Dyke,14589
Richard Thorpe,14594
W.S. Van Dyke,14590
W.S. Van Dyke,14588
Edward Buzzell,14595
S. S. Wilson,11069
Brent Maddock,10829
Roy Ward Baker,31952
Paul Glickler,54396
Shigehiro Ozawa,40810
Shigehiro Ozawa,40812
Terence Fisher,3075
Paul Wendkos,43096
Ingmar Bergman,11506
Andrew Lau,10775
Alan Mak,10775
Stuart Gordon,15618
Paul Bartel,13282
Jack Smight,26268
Aaron Norris,19086
Michelangelo Antonioni,5165
Andrew Adamson,809
Kelly Asbury,809
Conrad Vernon,809
Alfonso Cuarón,673
David Twohy,2789
Peter Hewitt,8920
Alan Metter,11546
Alfred L. Werker,17481
Morgan Spurlock,9372
Tom Laughlin,44695
Masaki Kobayashi,31217
Jun Fukuda,38582
Robert Harmon,9542
Robert Butler,24236
Stewart Raffill,10606
Blake Edwards,6081
Gérard Krawczyk,2334
Fred M. Wilcox,2202
Sam Raimi,558
Richard Linklater,80
Adam McKay,8699
Mark Rosman,11247
Jerzy Hoffman,36627
Paul Greengrass,2502
George McCowan,43417
Roy William Neill,20408
Roy William Neill,34327
Roy William Neill,20417
David Lane,35780
Danny Leiner,11282
Garry Marshall,11130
Paul W.S. Anderson,395
Steven Brill,10762
Renny Harlin,11026
Jeremy Kagan,36912
Joe Camp,44415
Kevin Tenney,24924
Kevin Tenney,17994
Alexander Witt,1577
Frank Henenlotter,27816
Frank Henenlotter,27815
Larry Cohen,28153
Takashi Shimizu,1970
James Wan,176
Brad Bird,9806
Don Mancini,11249
Beeban Kidron,9801
Jon Turteltaub,2059
Stephen Hillenburg,11836
Steven Soderbergh,163
David S. Goyer,36648
Jack Haley Jr.,33740
Ernest B. Schoedsack,43149
Stuart Walker,27970
Norman Z. McLeod,23101
Frank Capra,23336
Anatole Litvak,23336
Robert Wise,28436
Gunther von Fritsch,28436
Andrew Marton,43388
Compton Bennett,43388
Masaki Kobayashi,34528
Masaki Kobayashi,34530
Terence Fisher,17102
Freddie Francis,29778
Peter Sasdy,29748
Enzo Barboni,9394
Jan Troell,40732
Robert Fuest,18250
Alan Gibson,33020
Tonino Valerii,9474
Phil Karlson,25473
Just Jaeckin,24402
H.B. Halicki,16246
Steve Peterson,16246
D'Urville Martin,19174
Francis Giacobetti,28209
Kazuhiko Yamaguchi,47313
Russ Meyer,5725
Richard T. Heffron,10640
Russ Meyer,5651
John Korty,1884
Charles E. Sellier Jr.,27414
Lamberto Bava,14029
Jim Wheat,10372
Ken Wheat,10372
Jackie Chan,9056
John Woo,11471
R.J. Kizer,22572
Donald G. Jackson,22572
Stewart Raffill,34376
Miguel Rey,47350
Bobby Gene Leonard,25684
Michael Schroeder,16437
Stuart Gordon,12088
Stephen Cornwell,35610
Stephen Frears,12664
Clarence Fok,26877
David S. Ward,11067
Jeff Burr,35977
Gisaburō Sugii,12613
Nicolas Winding Refn,2061
Ken Blakey,74097
Darrell Rooney,9732
Dave Payne,11508
Turi Meyer,12485
Toshihiko Masuda,17074
Hideaki Anno,18491
Kazuya Tsurumaki,18491
Matthew Bright,39927
Gérard Krawczyk,2332
Roger Kumble,5458
Adrian Edmondson,10482
Anne Heche,28031
Jane Anderson,28031
Martha Coolidge,28031
Wong Kar-wai,844
Curt Geda,16234
Jean de Segonzac,10706
Joe Berlinger,17208
Bruce Sinofsky,17208
Shusuke Kaneko,36243
Morgan J. Freeman,10726
Andrzej Sekula,437
Michael Dowse,13984
Park Chan-wook,4689
Michael Oblowitz,18248
Bradley Raymond,11430
S. S. Wilson,10891
Damon Santostefano,12540
Olivier Dahan,60672
Ching Siu-Tung,10855
Mamoru Oshii,12140
Brett Sullivan,10361
Pål Øie,41070
Park Chan-wook,670
Grant Harvey,12583
Takashi Miike,9694
Phil Tippett,10304
Prachya Pinkaew,9316
Andrew Lau,11647
Alan Mak,11647
Chris Kentis,83
Andrew Lau,14310
Alan Mak,14310
Hideo Nakata,10320
Dan Ollman,3396
Sarah Price,3396
Chris Smith,3396
Ryûhei Kitamura,5889
Scott Ziehl,5460
William Arntz,8357
Betsy Chasse,8357
Scott Derrickson,12597
Jay Roach,693
Geoffrey Sax,11804
Shinji Aramaki,11633
Norman Taurog,42390
Gordon Flemyng,26581
Brian Levant,11637
Uwe Boll,12142
Stephen T. Kay,8968
Francis Lawrence,561
Lawrence Guterman,10214
Timur Bekmambetov,3040
Roy Del Ruth,44875
Corey Yuen Kwai,12721
Richard Lester,2926
Roberto Rossellini,8016
Amando de Ossorio,37601
F. Gary Gray,4551
Takao Okawara,6593
Paul Bogart,38148
Ernie Barbarash,438
Aleksi Mäkelä,37988
John Pasquin,10040
Robert Rodriguez,187
Frank Miller,187
Pier Paolo Pasolini,47406
Andrew Douglas,10065
Lee Tamahori,11679
George Lucas,1895
A. Edward Sutherland,28423
Eric Darnell,953
Tom McGrath,953
Paul Schrader,12700
Ken Kwapis,9779
Kazuki Omori,18289
Christopher Nolan,272
Ryûhei Kitamura,15767
Angela Robinson,11451
George A. Romero,11683
Ken Russell,4889
Tim Story,9738
Rob Zombie,1696
Jay Chandrasekhar,6519
Mike Bigelow,11453
William Nigh,22965
Claude Zidi,9564
Louis Leterrier,9335
Sam Firstenberg,17386
Benny Chan,11636
Rob McKittrick,7553
Lexi Alexander,8923
Tetsuya Nomura,647
Takeshi Nozue,647
John Stockwell,11968
Nick Park,533
Steve Box,533
Jae-yeon Yun,32237
Danny Cannon,9763
Martin Campbell,1656
Darren Lynn Bousman,215
Steve Rash,8274
W.S. Van Dyke,26845
Cedric Gibbons,18994
Lars von Trier,1951
François Truffaut,259
Sam Mendes,25
Terence Fisher,23220
Greg McLean,9885
Neil Marshall,9392
Mike Newell,674
Freddie Francis,3124
Andrew Adamson,411
Barbara Kopple,14695
Henry Levin,36775
Adam Shankman,9641
Brian Yuzna,9568
Park Chan-wook,4550
Pierre Morel,10045
Uwe Boll,168705
Eli Roth,1690
Cory Edwards,10982
Todd Edwards,10982
Tony Leech,10982
Len Wiseman,834
Sean McNamara,39345
Jackie Chan,21519
Rick Bota,11246
Noriaki Yuasa,52728
John Whitesell,11565
Kirk Jones,11283
James Wong,9286
Shawn Levy,12096
John Carl Buechler,33061
Matthew O'Callaghan,9975
Simon West,10053
Jim Sonzero,9682
Carlos Saldanha,950
Rodman Flender,18009
Brian Trenchard-Smith,19286
Brian Trenchard-Smith,19287
Rob Spera,18011
Alexandre Aja,9792
Blake Edwards,46828
Mary Lambert,10292
Michael Caton-Jones,3093
David Zucker,4257
Christophe Gans,588
Prachya Pinkaew,8982
J.J. Abrams,956
Ron Howard,591
Brett Ratner,36668
John Lasseter,920
Joe Ranft,920
Gore Verbinski,58
Kevin Smith,2295
Gregory Dark,10007
Claudio Fäh,8997
Kenny Ortega,10947
Michael Cooney,27320
Justin Lin,9615
Tim Hill,9513
Shawn Levy,1593
Brian Taylor,1948
Mark Neveldine,1948
Anne Fletcher,9762
Erik Canuel,15049
Russ Meyer,5721
Jeff Tremaine,12094
Jill Culton,7484
Roger Allers,7484
Anthony Stacchi,7484
Jonathan Liebesman,10781
Takashi Shimizu,1975
John Bonito,8975
Clint Eastwood,3683
Shusuke Kaneko,5890
Darren Lynn Bousman,214
John R. Leonetti,14620
Michael Lembeck,13767
Martin Campbell,36557
George Miller,9836
Mort Nathan,10032
Lambert Hillyer,22440
Robert Day,17604
Johnnie To,15077
Sylvester Stallone,1246
Dylan Avery,14277
Pier Paolo Pasolini,33583
Clint Eastwood,1251
Yvette Kaplan,5393
Paul Bolger,5393
Greg Tiernan,5393
Sylvain White,1931
Luc Besson,9992
Joe Nussbaum,8275
Joe Carnahan,7516
Danny Pang,9966
Oxide Pang Chun,9966
Peter Webber,1248
Billy Corben,14761
Adam McKay,9965
Mike Clattenburg,9958
Mark Steven Johnson,1250
Menhaj Huda,13185
David Nelson,26655
Tim Sullivan,10845
Christopher Leitch,15582
Nicolas Winding Refn,11330
Patrick Lussier,7006
Zack Snyder,1271
Martin Weisz,9793
Steve Carr,10172
Nimród Antal,10294
Steve Bendelack,1268
Scott Wiper,14636
Sam Raimi,559
William Lustig,14240
Timur Bekmambetov,2269
Shane Meadows,11798
Juan Carlos Fresnadillo,1562
Chris Miller,810
Raman Hui,810
Gore Verbinski,285
Hal Hartley,24200
Steven Soderbergh,298
Takao Okawara,39465
Takao Okawara,12561
Kazuki Omori,36679
Eli Roth,1691
Luigi Cozzi,22049
Ash Brannon,9408
Chris Buck,9408
Tim Story,1979
Quentin Tarantino,1991
Tommy Chong,12695
Len Wiseman,1571
Tom Shadyac,2698
Michael Bay,1858
David Yates,675
Peter Flinth,13491
Paul Greengrass,2503
Brett Ratner,5174
Fred Savage,14144
Rob Zombie,2082
Julie Delpy,1845
Robert Rodriguez,1992
J.M. Kenny,14348
Russell Mulcahy,7737
Shekhar Kapur,4517
Kenneth Branagh,4520
David Slade,4513
Tyler Perry,17202
Darren Lynn Bousman,663
José Padilha,7347
Matthew Hastings,18442
Richard Schenkman,13363
Xavier Gens,1620
Tim Hill,6477
Dwayne Carey-Hill,7249
Joe Lynch,13186
Norifumi Suzuki,20567
Phil Flores,15495
Mitchell Altieri,15495
Jon Turteltaub,6637
Colin Strause,440
Greg Strause,440
Félix Enríquez Alcalá,69315
Jaume Balagueró,8329
Paco Plaza,8329
Uwe Boll,2312
Adam Green,11908
Eric Valette,6933
Sylvester Stallone,7555
David Moreau,9030
Xavier Palud,9030
Guillermo del Toro,11253
Julian Gilbey,13054
Jon M. Chu,8328
George A. Romero,13025
Stefan Fjeldmark,10797
Kresten Vestbjerg Andersen,10797
Thorbjørn Christoffersen,10797
Brian Yuzna,28260
Christopher Nolan,155
Alexander Gruszynski,18070
Jeff Wadlow,8456
Jennifer Flackett,10488
Mark Levin,10488
David Ayer,1266
Jon Hurwitz,13335
Hayden Schlossberg,13335
Steve Barker,9017
William A. Wellman,38661
John Farrow,38661
Richard Thorpe,38661
George B. Seitz,38661
James C. McKay,38661
Richard Thorpe,40044
Richard Thorpe,40214
Richard Thorpe,40045
Nelson McCormick,8617
Jon Favreau,1726
Pierre Morel,8681
Robert C. Cooper,13001
Andrew Waller,8277
Andrew Adamson,2454
Steven Spielberg,217
Michael Patrick King,4564
Mark Osborne,9502
John Stevenson,9502
Michael Benveniste,3687
Howard Ziehm,3687
Timur Bekmambetov,8909
Barnaby Thompson,10748
Oliver Parker,10748
Peter Avanzino,12889
Brian Pimental,13205
Patricia Rozema,8359
Phyllida Lloyd,11631
Eric Brevig,88751
Shusuke Kaneko,16007
Kirk De Micco,11802
Martin Wood,12914
Stuart Gillard,14154
Chris Carter,8836
Jim Kammerud,10898
Vadim Jean,11910
Rob Cohen,1735
John Woo,12289
Sanaa Hamri,10188
Paul W.S. Anderson,10483
Alexandre Aja,13515
Dario Argento,15206
S. Sylvan Simon,43177
Lance Mungia,16456
Michael Roesch,12683
Peter Scheerer,12683
Gianfranco Parolini,71206
Stuart Rosenberg,32620
Michael Henger,25741
Kari Juusonen,25741
John Erick Dowdle,13812
P.J. Pesce,13489
Dwayne Carey-Hill,13253
Eric Darnell,10527
Tom McGrath,10527
Marc Forster,10764
Matthew Diamond,13655
David Hackl,11917
Rupert Harvey,12525
Raja Gosnell,14405
Andrew V. McLaglen,36571
Lee H. Katzin,36572
Steve Sekely,32862
Catherine Hardwicke,8966
Olivier Megaton,13387
Steve Wang,15026
Screaming Mad George,15026
Nick Park,14447
Sam Firstenberg,28148
Steven Soderbergh,8881
Steven Soderbergh,8880
Edward Neumeier,11127
Phil Karlson,3054
Ching Siu-Tung,9050
C. Thomas Howell,16268
David Frankel,14306
Matthew O'Callaghan,13690
Todd Wilderman,13690
Wilson Yip,14756
Matt Vancil,26235
Patrick Lussier,14435
Patrick Tatopoulos,12437
Steve Zacharias,21029
Steve Carr,14560
Toby Wilkins,1977
Peter Avanzino,15060
Fuminori Kizaki,14711
Charles Band,5677
Jeff Balis,15105
Andrzej Bartkowiak,15268
Marcus Nispel,13207
Sheldon Wilson,14853
Harald Zwart,15159
Peter Cornwell,18781
Tony Jaa,16353
Panna Rittikrai,16353
Niels Arden Oplev,15472
Seth Grossman,16258
Juliusz Machulski,31132
Justin Lin,13804
Nacer Khemir,45882
Brian Taylor,15092
Mark Neveldine,15092
Gavin Hood,2080
J.J. Abrams,13475
Phil Rosen,38464
John Woo,15384
Jay Lowi,17124
McG,534
Shawn Levy,18360
Ellory Elkayem,28677
Todd Phillips,18785
Jacek Bromski,58018
Tommy Wirkola,14451
Douglas Hickox,18061
Kevin Connor,27085
Michael Bay,8373
Carlos Saldanha,8355
Abbas Kiarostami,47104
Jonathan Frakes,14728
David Yates,767
Jean-Marie Poiré,10353
Hans Horn,9592
Stephen Boyum,23964
Roy Ward Baker,53868
Marcus Dunstan,21407
Stephen Sommers,14869
Renny Harlin,17134
Lee Harry,50719
Tommy Wirkola,17285
Yoshiaki Iwasaki,37047
John Gulager,13797
Jon Cassar,92011
Tim Iacofano,18759
Eric Bross,15641
Claudio Fragasso,26914
Cher,35203
Nancy Savoca,35203
Rob Zombie,24150
Gerald Thomas,5060
Jesse V. Johnson,15809
David R. Ellis,19912
Phil Lord,22794
Christopher Miller,22794
Rick Bota,17455
Rick Bota,12699
Oren Peli,23827
Yoshiaki Iwasaki,44685
Fritz Lang,71041
Kevin Greutert,22804
Troy Duffy,22821
Robert Vince,32834
Fritz Lang,70555
Edward James Olmos,105077
Chris Weitz,18239
James Cameron,19995
Guy Ritchie,10528
Betty Thomas,23398
Daniel Alfredson,33613
Charles Band,26961
Jackie Chan,21521
Isaac Florentine,25602
Jack Perez,17911
Larry Roemer,13382
Isaac Florentine,15255
Teruo Ishii,51429
Daniel Alfredson,24253
Chris Columbus,32657
Mike Clattenburg,27561
Mike Bonanno,18489
Andy Bichlbaum,18489
Kurt Engfehr,18489
Michael Lembeck,23023
Jaume Balagueró,10664
Paco Plaza,10664
Ti West,28739
Tim Burton,12155
Louis Morneau,16763
George A. Romero,29426
Sebastian Gutierrez,31723
David A. Prior,5753
Paolo Cavara,32688
Franco Prosperi,32688
Gualtiero Jacopetti,32688
Steve Pink,23048
Chris Sanders,10191
Dean DeBlois,10191
John Hyams,28510
Roy William Neill,33421
Louis Leterrier,18823
Matthew Vaughn,23483
Thor Freudenthal,33217
Beth Schacter,20478
Tom Six,37169
Phil Karlson,42476
Jean Yarbrough,23104
Jon Favreau,10138
Samuel Bayer,23437
Ted Nicolaou,26962
Michael Patrick King,37786
Jon Harris,34480
Lee Unkrich,10193
Mike Mitchell,10192
Uwe Boll,38780
Wes Llewellyn,51138
Michael Stephenson,40819
David Slade,24021
Nimród Antal,34851
Pierre Coffin,20352
Chris Renaud,20352
Dennis Dugan,38365
Ana Clavell,16304
James Glenn Dudelson,16304
Susanna White,35019
Wilson Yip,37472
Jean Yarbrough,45322
Sylvester Stallone,27578
Alexandre Aja,43593
Dwight H. Little,42194
Daniel Stamm,38358
Josh Fox,40663
Robert Rodriguez,23631
Ethan Maniquis,23631
Jon M. Chu,41233
Jason Friedberg,40264
Aaron Seltzer,40264
Paul W.S. Anderson,35791
Lauren Montgomery,45162
Oliver Stone,33909
Brad Peyton,39691
Gareth Edwards,43933
Darlo Piana,46812
Jeff Tremaine,16290
Sebastian Junger,39312
Tim Hetherington,39312
Ben Ketai,42941
Robert Schwentke,39514
Tod Williams,41436
Isaac Florentine,38234
Kevin Greutert,41439
Ben Stassen,49953
Enzo G. Castellari,61755
David Yates,12444
Byron Howard,38757
Nathan Greno,38757
Larry Blamire,44687
Billy Corben,26769
Michael Apted,10140
Larry Cohen,28155
Jalmari Helander,48395
Adam Green,43919
Sandy Tung,50241
Joseph Kosinski,20526
Larry Cohen,49684
Peter Manoogian,40649
Paul Weitz,39451
Mikkel Nørgaard,48748
Abhishek Sharma,42323
Norman Z. McLeod,54430
José Mojica Marins,23508
Michael Winterbottom,63578
Hideaki Anno,22843
Kazuya Tsurumaki,22843
Masayuki,22843
Steven R. Monroe,43947
Peter Joseph,54293
Sam O'Steen,117258
Víctor García,46441
Aleksey Balabanov,20993
Dome Karukoski,58764
Simon West,27582
Brian Levant,22620
Michael Dowse,53358
Brian Levant,47533
José Padilha,47931
John Whitesell,38322
Peter Andrikidis,45715
Shusuke Kaneko,16140
James Wan,49018
Hideo Nakata,20329
Chuck Patton,13190
David Bowers,60307
Steffen Haars,46523
Flip van der Kuil,46523
Chuck Jones,23521
Robert McKimson,23521
Greg Ford,23521
Terry Lennon,23521
Friz Freleng,23521
Wes Craven,41446
Carlos Saldanha,46195
Kenneth Branagh,10195
Paul Johansson,56780
Monte Hellman,42709
Justin Lin,51497
Michael D. Sellers,46849
Ishirô Honda,39410
Rob Marshall,1865
Todd Phillips,45243
Dylan Avery,23116
Ishirô Honda,3107
Seiji Tani,3107
Cody Cameron,51170
David Mackay,76171
Jennifer Yuh Nelson,49444
Matthew Vaughn,49538
Ishirô Honda,15766
Sebastian Gutierrez,56272
Tyler Perry,35688
Michael Bay,38356
Nick Grinde,61546
David Burton,61546
Seth Gordon,51540
John Lasseter,49013
Brad Lewis,49013
Vilgot Sjöman,45690
Robert Veze,96105
Indra Kumar,68029
David Yates,12445
Joe Johnston,1771
John Pogue,59115
Norman Foster,59566
Alex Zamm,54540
Raja Gosnell,41513
Ben Gluck,12819
Anthony Bell,12819
Jeff Conaway,141055
Clay Weiner,45839
Roel Reiné,51620
Andy de Emmony,63943
Rupert Wyatt,61791
Steven Quale,55779
Todd Strauss-Schulson,55465
Norman Foster,29484
Craig Gillespie,58151
Roar Uthaug,21786
Jim Mickle,52015
Martin Barnewitz,20441
James Nguyen,40016
David Hare,73358
Ben Palmer,69798
Joe Cross,72914
Kurt Engfehr,72914
Jonathan English,38543
Joss Whedon,24428
Matthijs van Heijningen Jr.,60935
James Dodson,10005
Henry Joost,72571
Ariel Schulman,72571
Abby Berlin,3966
Oliver Parker,58233
Vittorio De Sica,56122
James Bobin,64328
Bill Condon,50619
Damon Santostefano,15157
Harry Bromley Davenport,25834
George Miller,65759
Simon West,76163
Declan O'Brien,46020
Gary Ross,70160
Christopher Nolan,49026
Tony Gilroy,49040
Guy Ritchie,58574
Richard Compton,42450
Brad Bird,56292
Mike Mitchell,55301
Alex Ranarivelo,74523
Charles Martin Smith,62837
John Stockwell,57353
Måns Mårlind,52520
Björn Stein,52520
Tom Six,74997
Scott Spiegel,71670
Timur Bekmambetov,57809
Dmitriy Kiselev,57809
Aleksandr Voytinskiy,57809
Yaroslav Chevazhevskiy,57809
Ignas Jonynas,57809
Colin Minihan,50698
Stuart Ortiz,50698
Tsui Hark,48492
James Watkins,65086
Brad Peyton,72545
P.J. Pesce,29564
Jonathan Ford,74471
Howard J. Ford,74471
Brian Taylor,71676
Mark Neveldine,71676
Christopher Ray,52454
Declan O'Brien,71672
Mario Bava,77076
Michael Dowse,74387
Phil Lord,64688
Christopher Miller,64688
Jonathan Liebesman,57165
Timo Vuorensola,10679
Jon Hurwitz,71552
Hayden Schlossberg,71552
Gareth Evans,94329
Antonio Margheriti,28912
John Madden,74534
William Castle,86416
Tim Story,67660
John Gulager,15135
Russell Mulcahy,13486
Fredrik Gertten,84177
Kôtarô Terauchi,73517
Barry Sonnenfeld,41154
Rupert Sanders,58595
Adam Gierasch,27646
Ridley Scott,70981
Nicholas McCarthy,111440
Conrad Vernon,80321
Eric Darnell,80321
Tom McGrath,80321
Sam Liu,22855
Mike Disa,55215
Daisuke Nishio,39100
Seth MacFarlane,72105
Steven Soderbergh,77930
Marc Webb,1930
Declan O'Brien,23823
Steve Martino,57800
Mike Thurmeier,57800
Shigeyasu Yamauchi,44251
Don E. FauntLeRoy,14863
Ted Nicolaou,34125
Michel Hazanavicius,16130
Dominique Mezerette,16130
Uwe Boll,80410
Gordon Douglas,68143
Peggy Holmes,13676
Sam Mendes,37724
David Bowers,82650
John Gulager,71668
Joe Berlinger,83660
Bruce Sinofsky,83660
Jason Moore,114150
James Sbardellati,15895
Paul W.S. Anderson,71679
Robert Hall,55723
Joe Swanberg,84348
Matt Bettinelli-Olpin,84348
Glenn McQuaid,84348
Ti West,84348
Adam Wingard,84348
David Bruckner,84348
Tyler Gillett,84348
Justin Martinez,84348
Chad Villella,84348
Radio Silence,84348
Olivier Megaton,82675
Gary Hustwit,77269
Scott Derrickson,82507
Genndy Tartakovsky,76492
Eugene Forde,33391
Andrey Malyukov,40709
John Putch,134371
Joe D'Amato,40075
Michael Damian,72391
Mike Disa,57089
Paco Plaza,80280
Anurag Kashyap,117691
Henry Joost,82990
Ariel Schulman,82990
Stephen Fung,121823
Rob Cohen,94348
Michael J. Bassett,61012
Rich Moore,82690
John Paddy Carstairs,74545
RZA,97430
Keith Samples,35683
Roel Reiné,78049
Jack Sholder,12594
Jay Oliva,123025
Bill Condon,50620
Scott Speer,85446
Craig Moss,94380
Brian Levant,125504
Sammo Hung,10044
Sammo Hung,18707
Peter Jackson,49051
Bob Kelljan,28733
Christopher McQuarrie,75780
Daniel Mann,42532
Andrew Adamson,94352
Steven C. Miller,139455
Jim Wynorski,28751
Harry Bromley Davenport,55952
Harry Bromley Davenport,57597
Marcus Dunstan,134597
Keishi Ohtomo,127533
Val Guest,33303
Norman Cohen,34905
John Luessenhop,76617
Arbaaz Khan,147405
Michael Tiddes,139038
Jay Oliva,142061
Kunihiko Yuyama,115223
Kunihiko Yuyama,88557
Steve Barker,100183
William Beaudine,97353
Brian Trenchard-Smith,24925
Roel Reiné,156717
Bernard Borderie,44450
Norman Cohen,50076
Xavier Gens,87436
Angela Bettis,87436
Jake West,87436
Noboru Iguchi,87436
Andrew Traucki,87436
Anders Morgenthaler,87436
Yoshihiro Nishimura,87436
Banjong Pisanthanakun,87436
Marcel Sarmiento,87436
Ti West,87436
Adam Wingard,87436
Adrián García Bogliano,87436
Yudai Yamaguchi,87436
Nacho Vigalondo,87436
Ernesto Díaz Espinoza,87436
Hélène Cattet,87436
Bruno Forzani,87436
Simon Rumley,87436
Ben Wheatley,87436
Kaare Andrews,87436
Jason Eisener,87436
Thomas Cappelen Malling,87436
Jon Schnepp,87436
Timo Tjahjanto,87436
Jorge Michel Grau,87436
Srđan Spasojević,87436
Lee Hardcastle,87436
Makoto Kamiya,133121
Jackie Chan,98567
John Moore,47964
John Hyams,122857
Richard Linklater,132344
Shinji Aramaki,114478
William Lustig,28090
Ed Gass-Donnelly,146203
Charles Winkler,9834
Chris Sanders,49519
Kirk De Micco,49519
Bill Bixby,26883
Antoine Fuqua,117263
Farhan Akhtar,17501
Rakesh Roshan,25516
Malcolm D. Lee,4258
Craig Moss,80384
Lauren Montgomery,76589
Shane Black,68721
Cliff Roquemore,32100
J.J. Abrams,54138
Todd Phillips,109439
Justin Lin,82992
Rod Holcomb,197467
Ivan Nagy,197481
Darren Lynn Bousman,100493
Louis Leterrier,75656
Zack Snyder,49521
James DeMonaco,158015
Lev L. Spiro,105965
Dan Scanlon,62211
Kazuya Murata,80518
Guillermo del Toro,68726
Jon Burton,177271
Marc Forster,72190
Charles T. Kanganis,41586
Pierre Coffin,93456
Chris Renaud,93456
John Carl Buechler,44909
Jim Wynorski,30654
Ellory Elkayem,24935
Eduardo Sánchez,159117
Gregg Hale,159117
Simon Barrett,159117
Adam Wingard,159117
Jason Eisener,159117
Gareth Evans,159117
Timo Tjahjanto,159117
Ellory Elkayem,24939
Anthony C. Ferrante,205321
Stephen Fung,149085
Jay Oliva,183011
James Wan,138843
Melanie Mayron,51481
Josh Fox,174322
James Mangold,76170
Dean Parisot,146216
Bill Bixby,19593
Jacques Tourneur,47404
Thor Freudenthal,76285
Raja Gosnell,77931
Mark L. Lester,23535
Jayson Thiessen,201676
Curt Geda,21683
Tim Maltby,21683
Rick King,39027
Albert Pyun,50346
Spiro Razatos,61954
Rawson Marshall Thurber,138832
Dennis Dugan,109418
Jeff Wadlow,59859
David Twohy,87421
Klay Hall,151960
Herbert I. Leeds,59589
Doug Campbell,54768
Ted Nicolaou,52022
Tammi Sutton,27712
John Lechago,61716
John Lechago,134756
James Wan,91586
Michael Landon Jr.,195757
Indra Kumar,220714
Christian Duguay,24331
Christian Duguay,33305
Don Mancini,167032
Robert Vincent O'Neill,1803
Cody Cameron,109451
Kris Pearn,109451
Robert Rodriguez,106747
Reginald Le Borg,38273
Reginald Le Borg,64076
Anne Goursaud,18167
Masaaki Tezuka,39468
Jun Fukuda,39264
Kensho Yamashita,39466
Wallace Fox,64077
Jeff Tremaine,208134
Abbas Alibhai Burmawalla,19658
Mastan Alibhai Burmawalla,19658
Alan Taylor,76338
Masaaki Tezuka,39469
Masaaki Tezuka,12636
Malcolm D. Lee,146304
Francis Lawrence,101299
Peter Jackson,57158
Chris Buck,109445
Jennifer Lee,109445
Satsuo Yamamoto,31297
John Poliquin,134366
Eduardo Rodríguez,214597
Ed Herzog,209232
Adam McKay,109443
Lamberto Bava,40342
Isaac Florentine,180894
Zhora Kryzhovnikov,229974
Sanjay Gadhvi,17478
Roel Reiné,195269
Charles Band,84152
Christopher B. Landon,227348
Tim Story,168530
Kenneth Branagh,137094
Neil Burger,157350
Jay Oliva,217993
Jeffrey Hornaday,177888
Phil Lord,137106
Christopher Miller,137106
José Padilha,97020
Lars von Trier,249397
Farhan Akhtar,41109
Jørgen Lerdam,141614
Kari Juusonen,141614
Sean McNamara,14872
Gerry Lively,24756
Noam Murro,53182
Eric England,204349
Claudio Fäh,58767
Frank McDonald,160162
Anthony Russo,100402
Joe Russo,100402
Peter Lepeniotis,227783
Nicolas Vanier,204668
Uwe Boll,12685
Uwe Boll,17456
James Bobin,145220
Jon Jones,38626
Gareth Evans,180299
Charles Band,40740
Marc Webb,102382
Ethan Spaulding,251519
C. Courtney Joyner,47628
Harold Cronk,249660
Carlos Saldanha,172385
BJ McDonnell,167575
Michael Tiddes,184345
Darrell Rooney,12242
Lynne Southerland,12242
Joe Menendez,137475
Michael Feifer,236417
Nicholas Stoller,195589
Richard Rich,258096
Stephen Herek,16931
Bryan Singer,127585
Ahmed El Maanouni,215407
Russ Meyer,5157
Christopher McQuarrie,177677
Craig Moss,255268
Phil Flores,128841
Mitchell Altieri,128841
Phil Lord,187017
Christopher Miller,187017
Dean DeBlois,82702
Roy Ward Baker,26480
Chang Cheh,26480
Michael Bay,91314
Roberts Gannaway,218836
Matt Reeves,119450
James DeMonaco,238636
James Gunn,118340
Patrick Hughes,138103
Ulrich Seidl,150897
Michael Winterbottom,242088
Jérôme Salle,57331
Trish Sie,243683
Kevin O'Neill,284711
Jonathan Liebesman,98566
Ask Hasselbalch,198436
Shinji Aramaki,269650
Gerald Thomas,22937
Fred F. Sears,292893
Robert Rodriguez,189
Frank Miller,189
John Stockwell,273621
Phil Rosen,38462
James Manera,199933
Gerald Thomas,32109
Harry Lachman,29328
Wes Ball,198663
Anthony C. Ferrante,248504
Kaare Andrews,157424
John R. Leonetti,250546
Eugene Forde,38455
H. Bruce Humberstone,25148
H. Bruce Humberstone,28044
James Isaac,38084
Jeff Tremaine,273641
Richard Rich,54113
Richard Thorpe,43398
Chad Stahelski,245891
David Leitch,245891
Ned Benson,157829
Lynn Shores,38457
Norman Foster,33388
Herbert I. Leeds,33389
Richard Rich,28302
Norman Foster,38458
Phil Rosen,38463
John G. Blystone,267333
John Gilling,39262
Seth Holt,39263
Stiles White,242512
Eugene Forde,38456
Gordon Wiles,33708
Roel Reiné,151933
Roel Reiné,260063
Larry Latham,31473
Kari Skogland,25752
Ethan Wiley,25751
Guy Magar,25753
Lesley Selander,51649
Greg McLean,199534
Peggy Holmes,75258
Roberts Gannaway,75258
Klay Hall,25475
Fred M. Wilcox,61856
Timothy Armstrong,105528
Don Michael Paul,290729
Sam Firstenberg,64160
Timothy Armstrong,255476
Terry O. Morse,38470
Kristine Peterson,40661
William Castle,28668
Tommy Wirkola,241842
Reginald Le Borg,64075
Harry Lachman,38460
Shintarô Katsu,40644
Te-Sheng Wei,98344
Kurt Engfehr,291155
Don Sharp,38125
Francis Lawrence,131631
Raffaele Mertes,58433
Damian Lee,21811
Bobby Farrelly,100042
Peter Farrelly,100042
Charles Martin Smith,227735
Mohit Suri,192558
Rodney Ascher,193726
Bill Plympton,193726
Erik Matti,193726
Lancelot Oduwa Imasuen,193726
Kristina Buozyte,193726
Bruno Samper,193726
Vincenzo Natali,193726
Larry Fessenden,193726
Julien Maury,193726
Alexandre Bustillo,193726
E.L. Katz,193726
Jen Soska,193726
Aharon Keshales,193726
Navot Papushado,193726
Julian Gilbey,193726
Dennison Ramalho,193726
Jerome Sable,193726
Robert Morgan,193726
Sylvia Soska,193726
Chris Nash,193726
Hajime Ohata,193726
Sôichi Umezawa,193726
Todd Rohal,193726
Julian Barratt,193726
Alejandro Brugués,193726
Jim Hosking,193726
Robert Boocheck,193726
Marvin Kren,193726
Juan Martínez Moreno,193726
Steven Kostanski,193726
Ryûhei Kitamura,241868
Soi Cheang,119892
Colin Trevorrow,135397
Giuseppe Colizzi,41608
Sean Anders,227159
Ralph Thomas,68337
Ralph Thomas,68242
Eric Darnell,270946
Simon J. Smith,270946
Wes Ball,294254
Ralph Thomas,68339
Charles Bail,2139
Peter Hewitt,134375
Erwin C. Dietrich,99361
Steve Rash,15261
Don Michael Paul,285423
Alex Zamm,289728
Peter Jackson,122917
Duccio Tessari,18450
Duccio Tessari,56431
Albert Maysles,47491
David Maysles,47491
Bruno Corbucci,61925
Matthew Vaughn,207703
Shawn Levy,181533
Gerald Thomas,32113
Gerald Thomas,21240
Enzo Barboni,11612
Joel Soisson,37529
Martin Kitrosser,70984
Corey Yuen Kwai,42012
Olivier Megaton,260346
Alan Taylor,87101
Tom Harper,288158
Sebastian Junger,267872
Mark A.Z. Dippé,132601
Taedong Park,132601
Oleg Stepchenko,208763
Jim Kammerud,13654
Brian Smith,13654
Harvey Glazer,19824
Brett Leonard,13360
Declan O'Brien,125509
David Worth,18015
David Petrarca,9817
Gianfranco Parolini,52916
Chris Angel,28635
Steven Ayromlooi,19288
Adam Grossman,27770
Brian Yuzna,37526
Gerald Thomas,19254
Chris Angel,38157
Bob Misiorowski,42185
Alfonso Brescia,48193
Spencer Gordon Bennet,220504
Kurt Neumann,55872
David Worth,42187
Lesley Selander,90955
Fred Walton,30554
Alex Zamm,84575
Daniel Zelik Berk,27771
Marty Weiss,49597
Tripp Reed,15066
Bert I. Gordon,38269
Declan O'Brien,259074
Bill L. Norton,37404
Robert Vince,51438
Robert Vince,21518
Robert Vince,9973
Robert Vince,48844
Robert Vince,142308
Robert Vince,149910
Eric Freiser,26042
Rich Correll,58664
William Asher,27376
Albert Pyun,60173
Albert Pyun,107096
Michael Carreras,39044
John H. Williams,45662
George Miller,76341
Leigh Whannell,280092
J.J. Abrams,140607
Joss Whedon,99861
Peyton Reed,102899
Tim Miller,293660
James Gunn,283995
Anthony Russo,271110
Joe Russo,271110
Bryan Singer,246655
Dick Lowry,118439
Jerry Lewis,33733
Gianfranco Parolini,72032
Avi Nesher,41235
Brendan Maher,172386
Phil Rosen,38468
Terron R. Parsons,193603
William Beaudine,55603
S. Sylvan Simon,90460
S. Sylvan Simon,90461
S. Sylvan Simon,90465
Phil Karlson,38465
Chris Stokes,42354
Vladlen Barbe,164372
Maksim Sveshnikov,164372
Peter Godfrey,149793
John Guillermin,43205
Fred M. Wilcox,128854
Ethan Spaulding,297556
Israel Luna,207475
Dick Lowry,44789
Terry O. Morse,38469
William Shatner,113219
Stefano Milla,188357
David Wickes,55762
George Erschbamer,71200
Howard Bretherton,38472
Paul Tanter,233487
Sam Taylor-Johnson,216015
Mary Lambert,34205
Joan Espinach,89247
Ricardo Ramón,89247
Takeshi Kitano,121828
Jim Kammerud,9948
Virgil W. Vogel,43716
André Hunebelle,1871
Jaume Balagueró,185341
Rafal Zielinski,25164
Rafal Zielinski,44191
Rafal Zielinski,104413
Giuliano Carnimeo,83140
Giuliano Carnimeo,83136
Giuliano Carnimeo,83124
David M. Evans,24476
Luigi Cozzi,30577
Stelvio Massi,69569
Mikael Ekman,37727
Christjan Wegner,57548
Peter R. Hunt,46971
Oz Scott,47631
Don Edmonds,7392
Dean Cundey,11425
Lewis Abernathy,52868
Tony Craig,15567
Roberts Gannaway,15567
Steve Pink,243938
Jesús Franco,28656
Cy Endfield,73551
Matt Vancil,25745
Paul Tibbitt,228165
Noboru Iguchi,85349
John Hough,28801
Rocco Urbisci,13643
Roman Prygunov,132759
Brandon Vietti,322456
Takashi Yamazaki,265712
Ryūichi Yagi,265712
Gerald Thomas,5065
Paul Wendkos,43018
Andre van Heerden,77787
Robert Schwentke,262500
Thomas Gilou,39385
Ned Benson,275060
Ned Benson,276401
James Wan,168259
Nicholas Sgarro,75848
Sam Firstenberg,26340
William A. Levey,112058
Boaz Davidson,10580
Noboru Ishiguro,23504
Carl Macek,23504
Quentin Masters,120386
Sam Firstenberg,40040
Rocco Urbisci,13015
Mario Philip Azzopardi,80527
Frank Nissen,16119
Thilo Rothkirch,204712
Granz Henman,9572
Marc Rothemund,9478
Tibor Takács,15674
Louis King,52827
Keishi Ohtomo,221731
Mark Griffiths,61117
Mark Griffiths,52736
Jay Oliva,321528
Andy Fickman,256961
Bob Kelljan,28855
Howard J. Ford,214464
Jonathan Ford,214464
Rajkumar Hirani,21461
Butch Lukic,327418
François Leterrier,39412
Bruno Zincone,61108
Bitto Albertini,40348
Joe D'Amato,39965
Joe D'Amato,28324
Joe D'Amato,28325
Bruno Mattei,28574
Umberto Lenzi,30997
Walter P. Martishius,13284
William Lau,196254
Aleksander Bach,249070
Billy Corben,314407
Elizabeth Banks,254470
Michael A. Simpson,34312
Tom Green,145221
Priyadarshan,21614
Jean LaFleur,28746
Steve Cohen,65497
Tom Six,94365
Gerald Thomas,5061
Ralph Thomas,5056
Ralph Thomas,26181
Bradley Raymond,13179
Don Medford,26357
Anand L Rai,58333
Francis Lawrence,131634
Boaz Yakin,272878
Robert Schwentke,262504
David Yates,259316
Peter Hewitt,289239
Steve Boyum,24020
Eric Bross,62527
Chris Renaud,328111
Kenji Kamiyama,18839
Roland Emmerich,47933
Vikram Bhatt,19951
Gerald Thomas,5064
Rohit Shetty,19670
Sanjay Gadhvi,14194
Seth MacFarlane,214756
Kyle Balda,211672
Pierre Coffin,211672
Robert Iscove,19792
Jeff Woolnough,27847
Robert Hiltzik,35626
Alan Mehrez,36692
Sam Mendes,206647
John De Bello,36779
Osamu Dezaki,17922
Patrick Durham,64325
Joe Nimziki,75623
Jeff Betancourt,14913
Matthew Spradlin,138372
Mike Elliott,297291
Mamoru Oshii,14092
Steve Loter,51786
Kevin Deters,26809
Stevie Wermers,26809
Seth Green,42979
John R. Walker,335753
Douglas Schwartz,204912
Charles Band,231082
John Francis Daley,296099
Jonathan M. Goldstein,296099
Kunihiko Yuyama,227679
Kunihiko Yuyama,39057
Kunihiko Yuyama,25961
Jen Soska,226140
Sylvia Soska,226140
Dallas Richard Hallam,228358
Patrick Horvath,228358
Israel Luna,309063
Zack Snyder,209112
Wych Kaosayananda,286548
John Sherwood,39408
Jake Newsome,115290
Gregory Jacobs,264999
Fred Wolf,335970
Sylvain White,3602
Fuminori Kizaki,62931
Kevin McDonagh,348191
Mike Mendez,294562
Jingming Guo,270842
Torgny Wickman,220436
Butch Lukic,342917
Kenny Ortega,277217
Brian Smith,15657
Kunihiko Yuyama,47292
Stanley Yung,29055
Jonathan Winfrey,27010
Jonathan Winfrey,29054
David Jackson,20435
Ronald F. Maxwell,51881
Dominic Polcino,278604
Lynn Shores,105073
William Clemens,23280
Ciaran Foy,283445
Frank Zuniga,52485
Norton Virgien,23903
Hiroki Shibata,30575
Kunihiko Ikuhara,37100
Hiroki Shibata,28460
Shinsuke Sato,193502
Luc Besson,42949
Hal Needham,41241
Bradley Raymond,12448
Yuichi Fukuda,204342
Zackary Adler,356216
Andrew Duncan,72720
Kunihiko Yuyama,50087
Josh Forbes,345468
Kunihiko Yuyama,303903
Kunihiko Yuyama,350499
Camille Delamarre,287948
Thomas Gilou,86868
Mikael Salomon,50126
John Woo,264264
David Jackson,34204
Stephen Reynolds,351901
Andrew Jones,356149
Shinji Higuchi,340382
Pierre David,30921
Irving Reis,43551
Kevin Tenney,40251
Albert Band,40487
Wolfgang Murnberger,277967
Genndy Tartakovsky,159824
Patty Jenkins,297762
Peter Flinth,93230
Gerald Thomas,32105
Rick Morales,353595
Edward Montagne,54297
Jim Markovic,70553
Banjong Pisanthanakun,39111
Parkpoom Wongpoom,39111
Paween Purijitpanya,39111
Youngyooth Thongkonthun,39111
Sunny Luk Kim-Ching,137409
Longmond Leung Lok-Man,137409
Frank R. Strayer,3936
Gregory Plotkin,146301
Robert Markowitz,2734
Richard J. Lewis,47354
Art Camacho,13721
Jimmy Wang Yu,62762
Damien Leone,231001
Elvis Restaino,36693
Ryan Coogler,312221
Don E. FauntLeRoy,19543
Charles Lamont,51411
Andrew Lau,48943
Jayson Thiessen,292177
Ishi Rudell,292177
Pål Øie,336884
Enzo G. Castellari,69152
Emile Edwin Smith,246594
Lev L. Spiro,26736
Ben Stiller,329833
D.A. Pennebaker,26028
Chris Hegedus,26028
Sean Anders,274167
Jennifer Yuh Nelson,140300
Alessandro Carloni,140300
Jon Hess,40800
John Rawlins,70702
Eric Wirix,201386
William Beaudine,89145
André Hunebelle,111480
Greg Lamberson,27548
Paul Hoen,27621
Paul Tanter,115547
Niels Nørløv Hansen,89877
Kurt Neumann,55873
Rob Spera,46695
Alfonso Corona,47360
Howard R. Cohen,47363
James Lemmo,28920
Tim Story,323675
Jay Oliva,366924
Remo D'Souza,157293
Robert Fuest,137533
Yuen Woo-ping,263341
Babak Najafi,267860
Gerald Thomas,17276
Gerald Thomas,24571
Gerald Thomas,19252
Teppo Airaksinen,366249
Gerald Thomas,24570
Vikram Bhatt,20731
Gerald Thomas,19293
Marco Mak Chi-Sin,127329
Anees Bazmee,20294
Bhushan Patel,158519
Steve Oedekerk,14962
Todd Portugal,26743
Reginald Le Borg,186775
Vishal Pandya,361131
Jean van de Velde,76784
Nick Slatkin,363844
Gerald Thomas,26329
William Lau,382581
Andrew Jones,216016
Jean Yarbrough,186268
Jean Yarbrough,166904
Lloyd Kaufman,136585
John Lee,347689
Kirk Jones,302688
Roy William Neill,33419
William Beaudine,182950
William Beaudine,193459
William Beaudine,185289
Jean Yarbrough,184328
William Beaudine,185273
William Beaudine,187516
William Beaudine,156603
William Beaudine,252916
William Beaudine,115706
Edward Bernds,192371
William Beaudine,116160
Edward Bernds,174195
William Beaudine,116190
Edward Bernds,70313
Edward Bernds,144852
William Beaudine,193435
William Beaudine,178569
Edward Bernds,177234
Jean Yarbrough,230182
Vivek Agnihotri,109907
Vishal Pandya,282346
Cedric Nicolas-Troyan,290595
Nicholas Stoller,325133
William Castle,29829
Ho Meng-Hua,52854
Robert Sparks,3941
Frank R. Strayer,3941
Helge Schneider,1652
Christoph Schlingensief,1652
Xaver Schwarzenberger,9657
Otto Waalkes,9657
Shoji Kawamori,60964
Malcolm D. Lee,326423
Andrew Stanton,127380
Angus MacLane,127380
Fabrizio Laurenti,4457
Robert Day,76081
Masami Ôbari,28697
Hiroshi Watanabe,41365
Shinji Aramaki,160399
Kenichi Yatagai,160399
Jimmy Sangster,31472
Gerald Thomas,5066
Chakri Toleti,116185
Walt Becker,258509
Alexandre Bustillo,300665
Julien Maury,300665
Richard Pepin,78375
James Bobin,241259
Paul Ziller,122293
Jon M. Chu,291805
Joe D'Amato,31264
Anthony Fankhauser,57313
Dave Green,308531
Spiro Razatos,34598
George Mihalka,37237
James Wan,259693
Steven Lovy,30656
Robert Lovy,30656
Paul Feig,43074
Roel Reiné,353610
Paul Greengrass,324668
James DeMonaco,316727
Mike Thurmeier,278154
Galen T. Chu,278154
Jean Flynn,18560
Takeshi Nozue,390734
Greg Antonacci,54107
Anthony C. Ferrante,390989
Mikkel Nørgaard,310602
Dennis Gansel,278924
Sharon Maguire,95610
Michael Damian,382399
Cho Jung-rae,384641
Abbas Alibhai Burmawalla,44749
Mastan Alibhai Burmawalla,44749
Roel Reiné,402331
Norman Foster,50717
Irving Reis,44173
Indra Kumar,20413
Sajid Khan,58051
James Nguyen,188489
Priyadarshan,152625
Martin G. Goldman,87788
Russell Holt,36046
Uwe Boll,250388
Uwe Boll,395925
Sandy Tung,77946
Adam Wingard,351211
Yukihiko Tsutsumi,39123
Steven Green,35701
Ashley Pearce,389396
Oz Scott,32293
Victor Gonzalez,178682
Bille Woodruff,63710
Martha Coolidge,18182
Joyce Chopra,37453
Masaya Fujimori,89825
David Hartman,262848
Ron Howard,207932
Mike Flanagan,335796
Robert Vincent O'Neill,67390
Edward Zwick,343611
Jay Woelfel,50699
Brian Yuzna,59762
Mark Waters,338964
Dano Johnson,337550
Jeffrey Travis,337550
Gareth Edwards,330459
Anna Foerster,346672
Andy Hurst,37708
Rick Sloane,31245
D.J. Caruso,47971
Chris McKay,324849
F. Javier Gutiérrez,14564
Quentin Lawrence,28670
Chad Stahelski,324552
James Mangold,263115
Danny Boyle,180863
Clive Turner,38499
Paul W.S. Anderson,173897
James Foley,341174
Danny Pang,51322
Oxide Pang Chun,51322
Ben Browder,426580
Neill Blomkamp,417004
Richard W. Munchkin,29801
Tania Lamarca,294161
Sérgio Bloch,294161
Steve Wang,11795
Nick Simon,391975
Ridley Scott,126889
Michael A. Simpson,34311
Matt Codd,20004
Bradford May,19002
Charles Band,27296
Alex Zamm,19766
Nick Lyon,15212
Brad Turner,9711
Luigi Cozzi,26452
Q. Allan Brocka,14681
Alex Ranarivelo,213927
Larry Hagman,40983
F. Gary Gray,337339
Brian Fee,260514
Todor Chapkanov,348893
James Nunn,445993
Shuji Goto,41289
Steven Lovy,30655
Jack Arnold,40761
Seth Pinkser,68163
Mark Lamprell,413391
Franck Khalfoun,203835
Christopher Sun,67308
Avgousta Zourelidi,447113
William Lau,360404
Steve Sacks,212470
Stephen Donnelly,413736
Olly Reid,413736
Jun Falkenstein,413736
Garrett Sander,166747
William Lau,260234
Sylvain Blais,260234
David Grossman,26264
Robert Berlinger,19580
Sean McNamara,39346
Kyle Balda,324852
Pierre Coffin,324852
Junichi Mori,294682
Bert I. Gordon,43241
Matt Reeves,281338
Albert Pyun,24230
Stanley A. Long,86190
Richard Wallace,43464
Jay Baruchel,336890
Michael Haigney,10991
Kunihiko Yuyama,10991
Mike Southon,24794
Michael Bay,335988
Timur Bekmambetov,313556
Dmitriy Kiselev,313556
Yury Bykov,313556
Aleksandr Kott,313556
Aleksandr Karpilovskiy,313556
Fritz Kiersch,86337
Curt Geda,64202
Dan Riba,64202
Yukio Suzuki,64202
Butch Lukic,64202
Alain Desrochers,417489
Walter Boos,70609
Ernst Hofbauer,70609
Ernst Hofbauer,36886
Kenny Ortega,417320
Terence Fisher,3104
Gerald Thomas,19307
